Employee No,Employee Name_x,YEAR of Birth,Gender,Leaving Reason,Previous Employer,Last Update Date,Latest  Available Rating,Emp Ref.,Profit Center,Employee Name_y,Employee Position,Employee Location,People Group,Employee Category,Supervisor name,Join Date,Current Status,Termination Date,Tenure,Tenure Buckets
8,Kakalina Lorry,1980,F,Career Growth,cynoid,2017-02-17,3.0,,PC - 3,Kakalina Lorry,Level 4,Location 1,Client Service Staff,Serving Notice Period,Tallia Eyde,2004-07-31,Resigned,2017-01-31,4567,"(3650.0, inf]"
11,Aili Nessy,1982,M,Career Growth,Fresher,2017-01-12,2.0,,PC - 3,Aili Nessy,Level 4,Location 1,Client Service Staff,Serving Notice Period,Cacilia Aimee,2004-11-30,Resigned,2017-01-31,4445,"(3650.0, inf]"
15,Peria Maryjo,1979,M,Career Growth,flimbo,2016-09-15,3.0,,PC - 3,Peria Maryjo,Level 4,Location 2,Client Service Staff,Serving Notice Period,Barbee Joey,2005-02-28,Resigned,2016-08-31,4202,"(3650.0, inf]"
36,Charlotta Marena,1979,F,Personal,avindu,2016-09-28,3.0,,PC - 6,Charlotta Marena,Level 4,Location 7,Client Service Staff,Serving Notice Period,Daryl Natalina,2009-01-31,Resigned,2016-08-31,2769,"(2740.0, 3650.0]"
42,Kimberli Shandra,1986,M,Career Growth,Fresher,2016-07-14,3.0,,PC - 3,Kimberli Shandra,Level 6,Location 1,Client Service Staff,Serving Notice Period,Marina Garnette,2009-07-31,Resigned,2016-07-31,2557,"(1825.0, 2740.0]"
53,Rebekkah Brigid,1985,M,Career Growth,Fresher,2017-01-02,3.0,,PC - 1,Rebekkah Brigid,Level 7,Location 3,Client Service Staff,Serving Notice Period,Em Cacilie,2010-05-31,Resigned,2016-12-31,2406,"(1825.0, 2740.0]"
54,Anallese Loleta,1982,M,Personal,esose,2017-01-02,2.0,,PC - 2,Anallese Loleta,Level 5,Location 7,Client Service Staff,Serving Notice Period,Philippe Kizzie,2010-06-30,Resigned,2016-12-31,2376,"(1825.0, 2740.0]"
55,Timmy Corene,1988,M,Career Growth,Fresher,2016-10-06,2.0,,PC - 6,Timmy Corene,Level 6,Location 3,Client Service Staff,Serving Notice Period,Lindy Marguerite,2010-06-30,Resigned,2016-09-30,2284,"(1825.0, 2740.0]"
65,Hildagarde Erina,1988,M,Career Growth,Fresher,2016-10-25,3.0,,PC - 3,Hildagarde Erina,Level 7,Location 1,Client Service Staff,Serving Notice Period,Rosabel Saidee,2010-11-30,Resigned,2016-09-30,2131,"(1825.0, 2740.0]"
74,Ariel Jaimie,1988,M,Career Growth,Fresher,2016-06-01,3.0,,PC - 1,Ariel Jaimie,Level 6,Location 3,Client Service Staff,Serving Notice Period,Ardys Katerine,2011-03-31,Resigned,2016-05-31,1888,"(1825.0, 2740.0]"
78,Grissel Kirsteni,1990,F,Career Growth,Fresher,2016-08-23,3.0,,PC - 2,Grissel Kirsteni,Level 7,Location 7,Client Service Staff,Serving Notice Period,Sile Lorrie,2011-05-31,Resigned,2016-08-31,1919,"(1825.0, 2740.0]"
85,Trix Flori,1987,M,Personal,Fresher,2016-06-01,3.0,,PC - 1,Trix Flori,Level 7,Location 3,Client Service Staff,Serving Notice Period,Kippy Marquita,2011-06-30,Resigned,2016-04-30,1766,"(915.0, 1825.0]"
87,Dacie Lucia,1988,F,Others,Fresher,2017-03-08,3.0,,PC - 3,Dacie Lucia,Level 6,Location 2,Client Service Staff,Serving Notice Period,Kynthia Hildy,2011-06-30,Resigned,2017-02-28,2070,"(1825.0, 2740.0]"
89,Estrellita Tawsha,1989,M,Career Growth,Fresher,2016-04-26,3.0,,PC - 3,Estrellita Tawsha,Level 7,Location 1,Client Service Staff,Serving Notice Period,Agata Theodosia,2011-06-30,Resigned,2016-04-30,1766,"(915.0, 1825.0]"
90,Sibel Wrennie,1986,F,Working Conditions,interosis,2017-05-09,4.0,,PC - 1,Sibel Wrennie,Level 5,Location 3,Client Service Staff,Serving Notice Period,Rina Debee,2011-06-30,Resigned,2017-04-30,2131,"(1825.0, 2740.0]"
92,Brunhilda Rakel,1988,F,Personal,Fresher,2017-02-28,3.0,,PC - 2,Brunhilda Rakel,Level 7,Location 7,Client Service Staff,Serving Notice Period,Marys Essy,2011-07-31,Resigned,2017-02-28,2039,"(1825.0, 2740.0]"
98,Eba Caroljean,1984,M,Career Growth,trita,2016-09-27,3.0,,PC - 2,Eba Caroljean,Level 6,Location 9,Client Service Staff,Serving Notice Period,Marleah Bernadina,2011-09-30,Resigned,2016-09-30,1827,"(1825.0, 2740.0]"
102,Enrica Tildi,1988,M,Career Growth,Fresher,2016-12-07,4.0,,PC - 3,Enrica Tildi,Level 6,Location 1,Client Service Staff,Serving Notice Period,Cordey Sofia,2011-11-30,Resigned,2016-11-30,1827,"(1825.0, 2740.0]"
106,Tamarra Brietta,1988,M,Personal,hemify,2016-09-30,2.0,,PC - 6,Tamarra Brietta,Level 6,Location 7,Client Service Staff,Serving Notice Period,Pamelina Shalna,2012-01-31,Resigned,2016-09-30,1704,"(915.0, 1825.0]"
112,Giselle Trixy,1987,M,Personal,zooloo,2016-12-02,3.0,,PC - 2,Giselle Trixy,Level 6,Location 7,Client Service Staff,Serving Notice Period,Trenna Mureil,2012-04-30,Resigned,2016-10-31,1645,"(915.0, 1825.0]"
116,Amara Kamila,1988,F,Personal,Fresher,2017-04-07,2.0,,PC - 2,Amara Kamila,Level 6,Location 7,Client Service Staff,Serving Notice Period,Trenna Mureil,2012-04-30,Resigned,2017-03-31,1796,"(915.0, 1825.0]"
117,Hermine Malinde,1987,F,Others,scire,2016-10-04,3.0,,PC - 6,Hermine Malinde,Level 6,Location 1,Client Service Staff,Serving Notice Period,Tallia Eyde,2012-05-31,Resigned,2016-08-31,1553,"(915.0, 1825.0]"
123,Theo Alyssa,1979,F,Career Growth,alimm,2016-12-02,4.0,,PC - 3,Theo Alyssa,Level 6,Location 1,Client Service Staff,Serving Notice Period,Revkah Stephie,2012-06-30,Resigned,2016-11-30,1614,"(915.0, 1825.0]"
132,Netty Florentia,1990,M,Personal,Fresher,2016-12-02,3.0,,PC - 2,Netty Florentia,Level 7,Location 7,Client Service Staff,Serving Notice Period,Terza Gwyn,2012-07-31,Resigned,2016-11-30,1583,"(915.0, 1825.0]"
134,Dyana Niki,1984,M,Career Growth,omnify,2016-08-16,3.0,,PC - 3,Dyana Niki,Level 6,Location 2,Client Service Staff,Serving Notice Period,Vonni Bethena,2012-08-31,Resigned,2016-07-31,1430,"(915.0, 1825.0]"
135,Doralyn Marylynne,1984,M,Career Growth,zooloo,2017-04-07,3.0,,PC - 7,Doralyn Marylynne,Level 7,Location 6,Client Service Staff,Serving Notice Period,Bernice Andrea,2012-09-30,Resigned,2017-03-31,1643,"(915.0, 1825.0]"
136,Roberta Karylin,1987,M,Career Growth,aurise,2017-05-01,3.0,,PC - 1,Roberta Karylin,Level 7,Location 3,Client Service Staff,Serving Notice Period,Jillana Vivi,2012-10-31,Resigned,2017-04-30,1642,"(915.0, 1825.0]"
137,Tamera Daune,1985,M,Career Growth,avape,2017-01-19,3.0,,PC - 1,Tamera Daune,Level 5,Location 3,Client Service Staff,Serving Notice Period,Kippy Marquita,2012-10-31,Resigned,2016-12-31,1522,"(915.0, 1825.0]"
143,Karlyn Florette,1985,M,Career Growth,exicious,2016-06-13,2.0,,PC - 5,Karlyn Florette,Level 6,Location 3,Client Service Staff,Serving Notice Period,Rina Debee,2013-01-31,Resigned,2016-05-31,1216,"(915.0, 1825.0]"
144,Agna Matelda,1980,M,Personal,perive,2016-09-07,3.0,,PC - 6,Agna Matelda,Level 5,Location 7,Client Service Staff,Serving Notice Period,Tallia Eyde,2013-02-28,Resigned,2016-08-31,1280,"(915.0, 1825.0]"
147,Hollyanne Bonnie,1989,M,Personal,biore,2016-04-27,3.0,,PC - 3,Hollyanne Bonnie,Level 7,Location 2,Client Service Staff,Serving Notice Period,Vonni Bethena,2013-04-30,Resigned,2016-04-30,1096,"(915.0, 1825.0]"
148,Nomi Anabella,1988,F,Career Growth,biore,2016-05-10,3.0,,PC - 3,Nomi Anabella,Level 7,Location 2,Client Service Staff,Serving Notice Period,Kynthia Hildy,2013-04-30,Resigned,2016-04-30,1096,"(915.0, 1825.0]"
153,Joell Essa,1989,M,Further Studies,munder,2016-12-05,3.0,,PC - 3,Joell Essa,Level 7,Location 2,Client Service Staff,Serving Notice Period,Kynthia Hildy,2013-05-31,Resigned,2016-08-31,1188,"(915.0, 1825.0]"
156,Reba Samaria,1988,M,Career Growth,transescent,2016-06-13,2.0,,PC - 5,Reba Samaria,Level 6,Location 3,Client Service Staff,Serving Notice Period,Orsa Margeaux,2013-05-31,Resigned,2016-05-31,1096,"(915.0, 1825.0]"
157,Ariadne Aila,1988,F,Career Growth,Fresher,2017-04-05,3.0,,PC - 2,Ariadne Aila,Level 7,Location 9,Client Service Staff,Serving Notice Period,Jolyn Briney,2013-05-31,Resigned,2017-03-31,1400,"(915.0, 1825.0]"
164,Brittney Drusie,1987,M,Career Growth,yore,2016-05-10,1.0,,PC - 3,Brittney Drusie,Level 6,Location 1,Client Service Staff,Serving Notice Period,Cordey Sofia,2013-05-31,Resigned,2016-05-31,1096,"(915.0, 1825.0]"
168,Fan Ivett,1986,M,Career Growth,Fresher,2017-05-01,3.0,,PC - 5,Fan Ivett,Level 6,Location 1,Client Service Staff,Serving Notice Period,Guenevere Florida,2013-05-31,Resigned,2017-04-30,1430,"(915.0, 1825.0]"
169,Talia Mable,1991,F,Personal,Fresher,2016-06-20,3.0,,PC - 3,Talia Mable,Level 7,Location 1,Client Service Staff,Serving Notice Period,Nerita Anet,2013-05-31,Resigned,2016-06-30,1126,"(915.0, 1825.0]"
174,Andria Eolande,1991,M,Further Studies,biore,2016-08-23,2.0,,PC - 6,Andria Eolande,Level 8,Location 7,Client Service Staff,Serving Notice Period,Frances Mignonne,2013-06-30,Resigned,2016-08-31,1158,"(915.0, 1825.0]"
185,Melosa Ingunna,1990,M,Further Studies,Fresher,2016-09-13,1.0,,PC - 1,Melosa Ingunna,Level 7,Location 3,Client Service Staff,Serving Notice Period,Katuscha Pru,2013-06-30,Resigned,2016-09-30,1188,"(915.0, 1825.0]"
189,Eleonore Venus,1990,F,Further Studies,Fresher,2016-11-15,4.0,,PC - 1,Eleonore Venus,Level 8,Location 3,Client Service Staff,Serving Notice Period,Cynthia Leonora,2013-06-30,Resigned,2016-10-31,1219,"(915.0, 1825.0]"
204,Gennie Antonella,1982,F,Career Growth,alboid,2016-08-02,1.0,,PC - 5,Gennie Antonella,Level 5,Location 1,Client Service Staff,Serving Notice Period,Guenevere Florida,2013-09-30,Resigned,2016-07-31,1035,"(915.0, 1825.0]"
205,Gerri Kristy,1988,F,Personal,canill,2016-11-07,3.0,,PC - 3,Gerri Kristy,Level 7,Location 1,Client Service Staff,Serving Notice Period,Eydie Francine,2013-09-30,Resigned,2016-09-30,1096,"(915.0, 1825.0]"
206,Micheline Kissie,1984,M,Career Growth,inent,2016-10-17,1.0,,PC - 5,Micheline Kissie,Level 6,Location 3,Client Service Staff,Serving Notice Period,Rina Debee,2013-09-30,Resigned,2016-10-31,1127,"(915.0, 1825.0]"
208,Stormy Gertie,1984,M,Job Related,falcize,2016-09-02,3.0,,PC - 5,Stormy Gertie,Level 6,Location 1,Client Service Staff,Serving Notice Period,Willette Lil,2013-09-30,Resigned,2016-08-31,1066,"(915.0, 1825.0]"
211,Hildegarde Lavinie,1990,M,Personal,hemify,2016-09-07,3.0,,PC - 6,Hildegarde Lavinie,Level 8,Location 7,Client Service Staff,Serving Notice Period,Frances Mignonne,2013-10-31,Resigned,2016-09-30,1065,"(915.0, 1825.0]"
217,Rosalie Kathi,1989,M,Career Growth,verous,2016-07-22,4.0,,PC - 5,Rosalie Kathi,Level 8,Location 3,Client Service Staff,Serving Notice Period,Cherise Lainey,2013-11-30,Resigned,2016-07-31,974,"(915.0, 1825.0]"
219,Peggy Corabel,1990,F,Further Studies,comible,2016-08-04,3.0,,PC - 3,Peggy Corabel,Level 7,Location 2,Client Service Staff,Serving Notice Period,Marney Anderea,2013-12-31,Resigned,2016-07-31,943,"(915.0, 1825.0]"
222,Millisent Carmina,1989,F,Personal,polyic,2017-04-10,3.0,,PC - 2,Millisent Carmina,Level 6,Location 7,Client Service Staff,Serving Notice Period,Terza Gwyn,2014-01-31,Resigned,2017-03-31,1155,"(915.0, 1825.0]"
224,Debi Roobbie,1985,M,Personal,recy,2017-02-01,2.0,,PC - 6,Debi Roobbie,Level 6,Location 7,Client Service Staff,Serving Notice Period,Pamelina Shalna,2014-01-31,Resigned,2017-01-31,1096,"(915.0, 1825.0]"
225,Lory Vinny,1982,M,Career Growth,skaloo,2016-05-10,5.0,,PC - 2,Lory Vinny,Level 5,Location 7,Client Service Staff,Serving Notice Period,Annnora Gabrielle,2014-01-31,Resigned,2016-04-30,820,"(0.0, 915.0]"
227,Karla Courtney,1990,M,Career Growth,syill,2017-02-17,3.0,,PC - 2,Karla Courtney,Level 7,Location 9,Client Service Staff,Serving Notice Period,Jolyn Briney,2014-01-31,Resigned,2017-02-28,1124,"(915.0, 1825.0]"
233,Sorcha Gael,1982,M,Career Growth,kwitri,2016-09-16,4.0,,PC - 5,Sorcha Gael,Level 7,Location 2,Client Service Staff,Serving Notice Period,Orsa Margeaux,2014-03-31,Resigned,2016-09-30,914,"(0.0, 915.0]"
246,Wendye Adrienne,1987,F,Personal,Fresher,2017-04-17,3.0,,PC - 2,Wendye Adrienne,Level 7,Location 7,Client Service Staff,Serving Notice Period,Annnora Gabrielle,2014-06-30,Resigned,2017-03-31,1005,"(915.0, 1825.0]"
254,Danila Gail,1992,M,Further Studies,Fresher,2017-03-31,2.0,,PC - 1,Danila Gail,Level 8,Location 3,Client Service Staff,Serving Notice Period,Isahella Gwendolin,2014-06-30,Resigned,2017-03-31,1005,"(915.0, 1825.0]"
256,Sal Tiffanie,1991,M,Further Studies,Fresher,2017-04-07,3.0,,PC - 3,Sal Tiffanie,Level 8,Location 1,Client Service Staff,Serving Notice Period,Ali Elsinore,2014-06-30,Resigned,2017-03-31,1005,"(915.0, 1825.0]"
262,Libby Kamilah,1992,M,Personal,Fresher,2016-08-02,3.0,,PC - 3,Libby Kamilah,Level 8,Location 4,Client Service Staff,Serving Notice Period,Danette Melinda,2014-06-30,Resigned,2016-07-31,762,"(0.0, 915.0]"
266,Rickie Nikkie,1994,M,Further Studies,Fresher,2016-08-23,3.0,,PC - 2,Rickie Nikkie,Level 8,Location 7,Client Service Staff,Serving Notice Period,Aimil Latisha,2014-06-30,Resigned,2016-08-31,793,"(0.0, 915.0]"
267,Tatum Shirline,1993,M,Further Studies,Fresher,2016-06-06,1.0,,PC - 2,Tatum Shirline,Level 8,Location 7,Client Service Staff,Serving Notice Period,Jillian Lorelei,2014-06-30,Resigned,2016-05-31,701,"(0.0, 915.0]"
269,Myrle Elvina,1992,M,Further Studies,Fresher,2016-08-12,3.0,,PC - 1,Myrle Elvina,Level 8,Location 3,Client Service Staff,Serving Notice Period,Cherry Fancie,2014-06-30,Resigned,2016-06-30,731,"(0.0, 915.0]"
273,Pavla Irina,1988,M,Career Growth,cisist,2016-06-01,3.0,,PC - 3,Pavla Irina,Level 8,Location 1,Client Service Staff,Serving Notice Period,Kristina Alleen,2014-08-31,Resigned,2016-05-31,639,"(0.0, 915.0]"
274,Ivy Gipsy,1978,F,Personal,aquva,2016-12-22,2.0,,PC - 2,Ivy Gipsy,Level 7,Location 9,Client Service Staff,Serving Notice Period,Marleah Bernadina,2014-09-30,Resigned,2016-12-31,823,"(0.0, 915.0]"
279,Hilary Anni,1989,M,Career Growth,hemify,2016-09-01,4.0,,PC - 6,Hilary Anni,Level 8,Location 7,Client Service Staff,Serving Notice Period,Pamelina Shalna,2014-09-30,Resigned,2016-08-31,701,"(0.0, 915.0]"
281,Melania Bobbi,1986,M,Career Growth,oyofix,2017-01-10,1.0,,PC - 6,Melania Bobbi,Level 6,Location 3,Client Service Staff,Serving Notice Period,Lindy Marguerite,2014-10-31,Resigned,2017-01-31,823,"(0.0, 915.0]"
282,Lucie Jorry,1988,M,Career Growth,mistideo,2016-06-01,3.0,,PC - 2,Lucie Jorry,Level 7,Location 9,Client Service Staff,Serving Notice Period,Jolyn Briney,2014-10-31,Resigned,2016-05-31,578,"(0.0, 915.0]"
283,Fay Daryn,1991,M,Career Growth,genity,2016-11-21,4.0,,PC - 5,Fay Daryn,Level 8,Location 3,Client Service Staff,Serving Notice Period,Lian Harley,2014-10-31,Resigned,2016-11-30,761,"(0.0, 915.0]"
286,Floria Gwenore,1986,M,Career Growth,conore,2017-01-09,3.0,,PC - 6,Floria Gwenore,Level 6,Location 3,Client Service Staff,Serving Notice Period,Lindy Marguerite,2014-11-30,Resigned,2017-01-31,793,"(0.0, 915.0]"
290,Marj Kip,1988,F,Personal,foric,2016-06-10,4.0,,PC - 5,Marj Kip,Level 8,Location 1,Client Service Staff,Serving Notice Period,Guenevere Florida,2014-11-30,Resigned,2016-06-30,578,"(0.0, 915.0]"
297,Costanza Genevra,1989,F,Career Growth,Fresher,2016-07-26,4.0,,PC - 2,Costanza Genevra,Level 8,Location 7,Client Service Staff,Serving Notice Period,Aimil Latisha,2014-12-31,Resigned,2016-07-31,578,"(0.0, 915.0]"
311,Cindra Paulette,1983,M,Personal,cynoid,2016-12-23,3.0,,PC - 2,Cindra Paulette,Level 5,Location 7,Client Service Staff,Serving Notice Period,Beverley Laney,2015-01-31,Resigned,2016-12-31,700,"(0.0, 915.0]"
312,Eran Siusan,1986,F,Personal,rhyism,2016-09-13,3.0,,PC - 2,Eran Siusan,Level 6,Location 7,Client Service Staff,Serving Notice Period,Nancee Deirdre,2015-01-31,Resigned,2016-09-30,608,"(0.0, 915.0]"
316,Allina Cory,1989,M,Career Growth,skicero,2016-12-08,3.0,,PC - 5,Allina Cory,Level 7,Location 1,Client Service Staff,Serving Notice Period,Willette Lil,2015-02-28,Resigned,2016-12-31,672,"(0.0, 915.0]"
320,Nan Adriaens,1981,M,Personal,bovescent,2017-01-02,3.0,,PC - 2,Nan Adriaens,Level 5,Location 7,Client Service Staff,Serving Notice Period,Dore Natalya,2015-02-28,Resigned,2016-12-31,672,"(0.0, 915.0]"
325,Fina Celie,1986,M,Personal,dolicious,2017-03-15,4.0,,PC - 3,Fina Celie,Level 6,Location 1,Client Service Staff,Serving Notice Period,Kynthia Hildy,2015-03-31,Resigned,2017-02-28,700,"(0.0, 915.0]"
326,Daniela Zoe,1989,F,Personal,paleodel,2016-11-29,2.0,,PC - 5,Daniela Zoe,Level 7,Location 1,Client Service Staff,Serving Notice Period,Guenevere Florida,2015-03-31,Resigned,2016-11-30,610,"(0.0, 915.0]"
328,Jonie Nannette,1989,M,Career Growth,equcy,2016-09-07,3.0,,PC - 5,Jonie Nannette,Level 8,Location 3,Client Service Staff,Serving Notice Period,Cherise Lainey,2015-03-31,Resigned,2016-08-31,519,"(0.0, 915.0]"
331,Malena Elnore,1990,F,Career Growth,fortous,2016-07-20,4.0,,PC - 1,Malena Elnore,Level 8,Location 3,Client Service Staff,Serving Notice Period,Nerissa Jackquelin,2015-03-31,Resigned,2016-06-30,457,"(0.0, 915.0]"
332,Eadie Kiri,1983,F,Personal,viloo,2016-04-26,4.0,,PC - 2,Eadie Kiri,Level 6,Location 7,Client Service Staff,Serving Notice Period,Dore Natalya,2015-03-31,Resigned,2016-04-30,396,"(0.0, 915.0]"
347,Shirlee Gretchen,1989,F,Personal,amphiva,2017-03-10,3.0,,PC - 5,Shirlee Gretchen,Level 8,Location 1,Client Service Staff,Serving Notice Period,Guenevere Florida,2015-04-30,Resigned,2017-02-28,670,"(0.0, 915.0]"
355,Britta Anthiathia,1973,M,Job Related,midic,2016-12-08,3.0,,PC - 5,Britta Anthiathia,Level 4,Location 1,Client Service Staff,Serving Notice Period,Cacilia Aimee,2015-05-31,Resigned,2016-11-30,549,"(0.0, 915.0]"
356,Codi Saraann,1988,F,Personal,panosis,2016-12-02,3.0,,PC - 2,Codi Saraann,Level 7,Location 9,Client Service Staff,Serving Notice Period,Jolyn Briney,2015-05-31,Resigned,2016-10-31,519,"(0.0, 915.0]"
358,Cosette Lavena,1982,M,Personal,leezzy,2016-09-20,2.0,,PC - 2,Cosette Lavena,Level 6,Location 7,Client Service Staff,Serving Notice Period,Dorotea Inger,2015-05-31,Resigned,2016-09-30,488,"(0.0, 915.0]"
371,Gena Karrie,1992,M,Career Growth,Fresher,2016-07-20,1.0,,PC - 1,Gena Karrie,Level 7,Location 3,Client Service Staff,Serving Notice Period,Katuscha Pru,2015-05-31,Resigned,2016-06-30,396,"(0.0, 915.0]"
375,Arlyn Roz,1988,M,Career Growth,alboid,2016-04-20,3.0,,PC - 5,Arlyn Roz,Level 8,Location 1,Client Service Staff,Serving Notice Period,Hedwiga Mehetabel,2015-05-31,Resigned,2016-04-30,335,"(0.0, 915.0]"
378,Gale Adrea,1985,M,Career Growth,Fresher,2016-08-16,3.0,,PC - 1,Gale Adrea,Level 7,Location 3,Client Service Staff,Serving Notice Period,Katuscha Pru,2015-05-31,Resigned,2016-08-31,458,"(0.0, 915.0]"
391,Ernesta Estella,1990,F,Career Growth,marise,2016-07-14,3.0,,PC - 3,Ernesta Estella,Level 7,Location 1,Client Service Staff,Serving Notice Period,Misti Helena,2015-05-31,Resigned,2016-07-31,427,"(0.0, 915.0]"
394,Nicolle Bendite,1988,M,Career Growth,suril,2016-06-01,3.0,,PC - 3,Nicolle Bendite,Level 7,Location 2,Client Service Staff,Serving Notice Period,Vonni Bethena,2015-05-31,Resigned,2016-05-31,366,"(0.0, 915.0]"
398,Filia Kaila,1991,M,Career Growth,Fresher,2016-05-10,3.0,,PC - 2,Filia Kaila,Level 8,Location 9,Client Service Staff,Serving Notice Period,Orelee Hanna,2015-06-30,Resigned,2016-04-30,305,"(0.0, 915.0]"
400,Bathsheba Constantine,1991,F,Career Growth,Fresher,2016-06-10,3.0,,PC - 1,Bathsheba Constantine,Level 7,Location 3,Client Service Staff,Serving Notice Period,Gisella Nickie,2015-06-30,Resigned,2016-05-31,336,"(0.0, 915.0]"
406,Jerry Ellene,1994,F,Personal,Fresher,2016-09-20,3.0,,PC - 3,Jerry Ellene,Level 8,Location 1,Client Service Staff,Serving Notice Period,Ali Elsinore,2015-06-30,Resigned,2016-09-30,458,"(0.0, 915.0]"
407,Selestina Jacquelin,1994,F,Personal,Fresher,2016-09-22,3.0,,PC - 3,Selestina Jacquelin,Level 8,Location 1,Client Service Staff,Serving Notice Period,Kristina Alleen,2015-06-30,Resigned,2016-08-31,428,"(0.0, 915.0]"
409,Rosemarie Theodora,1992,M,Others,Fresher,2016-11-04,3.0,,PC - 3,Rosemarie Theodora,Level 8,Location 1,Client Service Staff,Serving Notice Period,Ali Elsinore,2015-06-30,Resigned,2016-10-31,489,"(0.0, 915.0]"
412,Tommi Marla,1992,F,Further Studies,Fresher,2016-06-01,3.0,,PC - 2,Tommi Marla,Level 8,Location 7,Client Service Staff,Serving Notice Period,Trenna Mureil,2015-06-30,Resigned,2016-05-31,336,"(0.0, 915.0]"
419,Donia Cassy,1991,M,Further Studies,viloo,2016-07-01,3.0,,PC - 6,Donia Cassy,Level 8,Location 7,Client Service Staff,Serving Notice Period,Pamelina Shalna,2015-06-30,Resigned,2016-06-30,366,"(0.0, 915.0]"
423,Larissa Lorraine,1988,M,Personal,pedise,2016-11-11,3.0,,PC - 5,Larissa Lorraine,Level 7,Location 7,Client Service Staff,Serving Notice Period,Hedwiga Mehetabel,2015-06-30,Resigned,2016-10-31,489,"(0.0, 915.0]"
424,Philippine Berna,1993,F,Personal,Fresher,2017-05-01,3.0,,PC - 2,Philippine Berna,Level 8,Location 7,Client Service Staff,Serving Notice Period,Terza Gwyn,2015-06-30,Resigned,2017-04-30,670,"(0.0, 915.0]"
426,Mel Deerdre,1993,F,Career Growth,Fresher,2016-09-20,3.0,,PC - 3,Mel Deerdre,Level 8,Location 1,Client Service Staff,Serving Notice Period,Misti Helena,2015-06-30,Resigned,2016-09-30,458,"(0.0, 915.0]"
436,Lanette Orsola,1986,M,Career Growth,electrotude,2016-06-10,3.0,,PC - 1,Lanette Orsola,Level 6,Location 3,Client Service Staff,Serving Notice Period,Em Cacilie,2015-07-31,Resigned,2016-06-30,335,"(0.0, 915.0]"
442,Fred Tabbitha,1988,M,Personal,gegen,2016-07-20,3.0,,PC - 1,Fred Tabbitha,Level 7,Location 3,Client Service Staff,Serving Notice Period,Erminie Ericka,2015-08-31,Resigned,2016-06-30,304,"(0.0, 915.0]"
443,Klarika Babb,1991,M,Further Studies,quasiva,2016-06-23,3.0,,PC - 5,Klarika Babb,Level 8,Location 3,Client Service Staff,Serving Notice Period,Gavra Kayle,2015-08-31,Resigned,2016-06-30,304,"(0.0, 915.0]"
444,Lona Berte,1989,M,Career Growth,vicenti,2017-01-09,3.0,,PC - 1,Lona Berte,Level 7,Location 3,Client Service Staff,Awaiting Termination,Nerissa Jackquelin,2015-08-31,Resigned,2017-01-31,519,"(0.0, 915.0]"
446,Kaye Bunnie,1988,M,Career Growth,bellose,2016-05-03,3.0,,PC - 5,Kaye Bunnie,Level 7,Location 7,Client Service Staff,Serving Notice Period,Hedwiga Mehetabel,2015-08-31,Resigned,2016-04-30,243,"(0.0, 915.0]"
451,Heida Meara,1993,F,Further Studies,Fresher,2016-12-15,3.0,,PC - 3,Heida Meara,Level 8,Location 1,Client Service Staff,Serving Notice Period,Ophelie Jyoti,2015-08-31,Resigned,2016-12-31,488,"(0.0, 915.0]"
453,Lilias Vivianna,1981,M,Career Growth,yore,2016-10-18,3.0,,PC - 3,Lilias Vivianna,Level 5,Location 1,Client Service Staff,Serving Notice Period,Tallia Eyde,2015-08-31,Resigned,2016-10-31,427,"(0.0, 915.0]"
455,Jodi Janka,1990,M,Personal,Fresher,2017-04-07,4.0,,PC - 2,Jodi Janka,Level 8,Location 7,Client Service Staff,Serving Notice Period,Myrtie Brana,2015-09-30,Resigned,2017-03-31,548,"(0.0, 915.0]"
461,Drona Oralla,1989,M,Career Growth,podize,2017-04-04,4.0,,PC - 5,Drona Oralla,Level 8,Location 3,Client Service Staff,Serving Notice Period,Lian Harley,2015-09-30,Resigned,2017-03-31,548,"(0.0, 915.0]"
468,Vivyan Dayna,1985,M,Career Growth,contrando,2016-12-23,3.0,,PC - 3,Vivyan Dayna,Level 6,Location 1,Client Service Staff,Serving Notice Period,Kalindi Toma,2015-10-31,Resigned,2016-12-31,427,"(0.0, 915.0]"
471,Lilith Philly,1989,M,Working Conditions,genity,2017-01-02,3.0,,PC - 5,Lilith Philly,Level 7,Location 3,Client Service Staff,Serving Notice Period,Cherise Lainey,2015-10-31,Resigned,2016-12-31,427,"(0.0, 915.0]"
473,Karina Laurene,1990,M,Personal,subism,2017-03-08,4.0,,PC - 6,Karina Laurene,Level 8,Location 7,Client Service Staff,Serving Notice Period,Frances Mignonne,2015-10-31,Resigned,2017-02-28,486,"(0.0, 915.0]"
478,Theresa Ted,1988,F,Personal,maler,2017-03-27,3.0,,PC - 2,Theresa Ted,Level 8,Location 7,Client Service Staff,Serving Notice Period,Terza Gwyn,2015-11-30,Resigned,2017-03-31,487,"(0.0, 915.0]"
489,Tessa Sibylla,1982,M,Counseled Out,dominive,2016-12-02,3.0,,PC - 3,Tessa Sibylla,Level 5,Location 1,Client Service Staff,Serving Notice Period,Cacilia Aimee,2015-11-30,Resigned,2016-09-30,305,"(0.0, 915.0]"
496,Pet Melisse,1986,M,Personal,contrando,2016-11-28,3.0,,PC - 2,Pet Melisse,Level 7,Location 7,Client Service Staff,Serving Notice Period,Dorotea Inger,2015-12-31,Resigned,2016-11-30,335,"(0.0, 915.0]"
518,Alie Franni,1985,M,Personal,archile,2017-05-22,2.0,,PC - 2,Alie Franni,Level 8,Location 7,Client Service Staff,Serving Notice Period,Myrtie Brana,2016-01-31,Resigned,2017-05-31,486,"(0.0, 915.0]"
523,Deeyn Arlee,1987,M,Career Growth,antexo,2016-06-10,Not Available,,PC - 1,Deeyn Arlee,Level 10,Location 3,Client Service Staff,Serving Notice Period,Ardys Katerine,2016-01-31,Resigned,2016-05-31,121,"(0.0, 915.0]"
538,Rosina Andriette,1978,M,Personal,Strat Security,2017-04-24,4.0,,PC - 2,Rosina Andriette,Level 7,Location 7,Client Service Staff,Serving Notice Period,Sile Lorrie,2016-01-31,Resigned,2017-04-30,455,"(0.0, 915.0]"
541,Elfrida Pollyanna,1987,F,Personal,Inspire Fitness Co,2017-03-08,Not Available,,PC - 1,Elfrida Pollyanna,Level 6,Location 3,Client Service Staff,Serving Notice Period,Alvinia Ede,2016-02-29,Resigned,2017-02-28,365,"(0.0, 915.0]"
544,Elli Noreen,1992,M,Career Growth,Cogent Data,2017-01-18,Not Available,,PC - 6,Elli Noreen,Level 8,Location 3,Client Service Staff,Serving Notice Period,Stacey Cassey,2016-02-29,Resigned,2017-01-31,337,"(0.0, 915.0]"
550,Austina Dorisa,1977,M,Personal,Sanguine Skincare,2017-03-08,4.0,,PC - 2,Austina Dorisa,Level 4,Location 7,Client Service Staff,Serving Notice Period,Daryl Natalina,2016-03-31,Resigned,2017-02-28,334,"(0.0, 915.0]"
551,Ursa Flore,1991,F,Personal,contrando,2016-12-02,Not Available,,PC - 2,Ursa Flore,Level 8,Location 7,Client Service Staff,Serving Notice Period,Aimil Latisha,2016-03-31,Resigned,2016-10-31,214,"(0.0, 915.0]"
553,Zitella Claudetta,1987,M,Career Growth,contrando,2016-11-04,Not Available,,PC - 2,Zitella Claudetta,Level 6,Location 7,Client Service Staff,Serving Notice Period,Dorotea Inger,2016-03-31,Resigned,2016-08-31,153,"(0.0, 915.0]"
575,Annette Talya,1992,M,Personal,sylible,2017-03-15,Not Available,,PC - 6,Annette Talya,Level 8,Location 7,Client Service Staff,Serving Notice Period,Frances Mignonne,2016-04-30,Resigned,2017-03-31,335,"(0.0, 915.0]"
581,Valencia Veronica,1990,F,Career Growth,sylible,2016-06-23,Not Available,,PC - 2,Valencia Veronica,Level 8,Location 7,Client Service Staff,Serving Notice Period,Myrtie Brana,2016-04-30,Resigned,2016-06-30,61,"(0.0, 915.0]"
594,Micky Barb,1985,M,Personal,Fresher,2016-12-02,Not Available,Yes,PC - 2,Micky Barb,Level 7,Location 7,Client Service Staff,Serving Notice Period,Myrtie Brana,2016-04-30,Resigned,2016-10-31,184,"(0.0, 915.0]"
596,Vanna Jill,1982,M,Absconding,Fresher,2016-09-23,Not Available,,PC - 3,Vanna Jill,Level 6,Location 1,Client Service Staff,Staff on Probation,Hedi Elna,2016-05-31,Resigned,2016-05-31,0,
597,Anny Kate,1990,M,Career Growth,Fresher,2017-04-05,3.0,,PC - 3,Anny Kate,Level 8,Location 1,Client Service Staff,Serving Notice Period,Hedi Elna,2016-05-31,Resigned,2017-03-31,304,"(0.0, 915.0]"
613,Casandra Goldie,1989,M,Career Growth,Bonefete Fun,2016-08-15,Not Available,,PC - 5,Casandra Goldie,Level 8,Location 7,Client Service Staff,Serving Notice Period,Orsa Margeaux,2016-05-31,Resigned,2016-08-31,92,"(0.0, 915.0]"
639,Kinna Dotty,1994,M,Personal,sylible,2016-11-08,Not Available,,PC - 2,Kinna Dotty,Level 8,Location 7,Client Service Staff,Serving Notice Period,Tallulah Kassia,2016-06-30,Resigned,2016-11-30,153,"(0.0, 915.0]"
644,Liza Lynna,1994,M,Personal,sylible,2016-11-07,Not Available,,PC - 2,Liza Lynna,Level 8,Location 7,Client Service Staff,Serving Notice Period,Laetitia Yoshi,2016-06-30,Resigned,2016-11-30,153,"(0.0, 915.0]"
648,Helenka Gwenny,1995,F,Personal,sylible,2016-10-17,Not Available,,PC - 2,Helenka Gwenny,Level 8,Location 9,Client Service Staff,Serving Notice Period,Orelee Hanna,2016-06-30,Resigned,2016-09-30,92,"(0.0, 915.0]"
652,Rhea Roshelle,1996,M,Personal,sylible,2017-04-04,3.0,,PC - 1,Rhea Roshelle,Level 8,Location 3,Client Service Staff,Serving Notice Period,Sybil Georgianna,2016-06-30,Resigned,2017-03-31,274,"(0.0, 915.0]"
664,Brandi Priscella,1990,M,Career Growth,Moxie Marketing,2016-11-25,Not Available,,PC - 1,Brandi Priscella,Level 8,Location 3,Client Service Staff,Serving Notice Period,Vinni Calypso,2016-06-30,Resigned,2016-11-30,153,"(0.0, 915.0]"
678,Cathee Ruthann,1987,M,Career Growth,Fresher,2017-03-15,Not Available,,PC - 3,Cathee Ruthann,Level 6,Location 4,Client Service Staff,Serving Notice Period,Hedi Elna,2016-07-31,Resigned,2017-03-31,243,"(0.0, 915.0]"
679,Melisent Twyla,1994,F,Further Studies,sylible,2016-12-12,Not Available,,PC - 3,Melisent Twyla,Level 8,Location 1,Client Service Staff,Serving Notice Period,Misti Helena,2016-07-31,Resigned,2016-12-31,153,"(0.0, 915.0]"
680,Clarette Marijo,1994,M,Absconding,sylible,2017-04-07,Not Available,,PC - 7,Clarette Marijo,Level 8,Location 6,Client Service Staff,Serving Notice Period,Bernice Andrea,2016-07-31,Resigned,2016-09-30,61,"(0.0, 915.0]"
684,Herminia Barby,1993,M,Further Studies,sylible,2017-05-15,3.0,,PC - 1,Herminia Barby,Level 8,Location 3,Client Service Staff,Serving Notice Period,Gisella Nickie,2016-07-31,Resigned,2017-05-31,304,"(0.0, 915.0]"
692,Carma Corrinne,1994,M,Job Related,sylible,2016-10-03,Not Available,,PC - 5,Carma Corrinne,Level 8,Location 1,Client Service Staff,Serving Notice Period,Guenevere Florida,2016-07-31,Resigned,2016-09-30,61,"(0.0, 915.0]"
704,Glen Emelia,1993,F,Job Related,sylible,2017-01-05,Not Available,,PC - 3,Glen Emelia,Level 8,Location 1,Client Service Staff,Serving Notice Period,Kristina Alleen,2016-07-31,Resigned,2016-12-31,153,"(0.0, 915.0]"
709,Jacinthe Vally,1987,M,Job Related,oyofix,2016-10-27,Not Available,,PC - 1,Jacinthe Vally,Level 6,Location 3,Client Service Staff,Serving Notice Period,Ardys Katerine,2016-08-31,Resigned,2016-10-31,61,"(0.0, 915.0]"
729,Valina Philis,1987,M,Relationship Issues,alboid,2017-05-04,3.0,,PC - 1,Valina Philis,Level 7,Location 3,Client Service Staff,Serving Notice Period,Vinni Calypso,2016-11-30,Resigned,2017-04-30,151,"(0.0, 915.0]"
752,Lyndsie Ciel,1993,F,Personal,Cipher Publishing,2017-03-27,Not Available,,PC - 6,Lyndsie Ciel,Level 8,Location 3,Client Service Staff,Serving Notice Period,Lee Alfie,2017-02-28,Resigned,2017-02-28,0,
4,Barbee Joey,1975,M,Career Growth,kadoo,2018-02-27,Not Available,,PC - 3,Barbee Joey,Level 2,Location 1,Client Service Staff,Resigned,Idalina Lauraine,2000-09-30,Resigned,2018-02-28,6360,"(3650.0, inf]"
19,Cordey Sofia,1982,F,Employee Transfer,Fresher,2018-04-26,Not Available,,PC - 3,Cordey Sofia,Level 3,Location 1,Client Service Staff,Resigned,Cacilia Aimee,2006-05-31,Resigned,2018-04-30,4352,"(3650.0, inf]"
45,Jenny Kasey,1984,F,Career Growth,socimbee,2017-06-22,3.0,,PC - 5,Jenny Kasey,Level 7,Location 1,Client Service Staff,Resigned,Orsa Margeaux,2010-01-31,Resigned,2017-06-30,2707,"(1825.0, 2740.0]"
50,Leta Evangeline,1984,M,Personal,homolium,2017-09-27,3.0,,PC - 2,Leta Evangeline,Level 5,Location 7,Client Service Staff,Resigned,Tallia Eyde,2010-05-31,Resigned,2017-09-30,2679,"(1825.0, 2740.0]"
66,Leela Jsandye,1987,F,Personal,monous,2017-10-23,3.0,,PC - 3,Leela Jsandye,Level 6,Location 2,Client Service Staff,Resigned,Vonni Bethena,2011-01-31,Resigned,2017-10-31,2465,"(1825.0, 2740.0]"
75,Norene Ethelyn,1988,M,Career Growth,exicious,2017-12-13,Not Available,,PC - 3,Norene Ethelyn,Level 6,Location 2,Client Service Staff,Resigned,Guenevere Florida,2011-04-30,Resigned,2017-11-30,2406,"(1825.0, 2740.0]"
76,Goldarina Cecilia,1985,M,Career Growth,janu,2018-05-11,Not Available,,PC - 2,Goldarina Cecilia,Level 6,Location 7,Client Service Staff,Resigned,Myrtie Brana,2011-04-30,Resigned,2018-04-30,2557,"(1825.0, 2740.0]"
81,Dolley Lolly,1989,F,Career Growth,Fresher,2018-01-09,Not Available,,PC - 3,Dolley Lolly,Level 6,Location 1,Client Service Staff,Resigned,Rosabel Saidee,2011-05-31,Resigned,2018-01-31,2437,"(1825.0, 2740.0]"
90,Sibel Wrennie,1986,F,Working Conditions,interosis,2017-05-09,4.0,,PC - 1,Sibel Wrennie,Level 5,Location 3,Client Service Staff,Resigned,Rina Debee,2011-06-30,Resigned,2017-04-30,2131,"(1825.0, 2740.0]"
111,Hattie Eve,1987,F,Personal,Fresher,2018-02-22,Not Available,,PC - 2,Hattie Eve,Level 6,Location 7,Client Service Staff,Resigned,Trenna Mureil,2012-04-30,Resigned,2018-02-28,2130,"(1825.0, 2740.0]"
119,Eydie Francine,1981,M,Career Growth,unent,2018-05-11,Not Available,,PC - 3,Eydie Francine,Level 5,Location 1,Client Service Staff,Resigned,Lenora Nydia,2012-05-31,Resigned,2018-04-30,2160,"(1825.0, 2740.0]"
126,Pier Valenka,1990,M,Further Studies,Fresher,2017-10-23,3.0,,PC - 3,Pier Valenka,Level 7,Location 1,Client Service Staff,Resigned,Rosabel Saidee,2012-06-30,Resigned,2017-10-31,1949,"(1825.0, 2740.0]"
129,Dael Miranda,1984,M,Career Growth,cynoid,2017-09-01,3.0,,PC - 1,Dael Miranda,Level 6,Location 8,Client Service Staff,Resigned,Lindy Marguerite,2012-07-31,Resigned,2017-08-31,1857,"(1825.0, 2740.0]"
130,Cinnamon Adelaida,1986,M,Deceased,oyofix,2018-03-18,Not Available,,PC - 1,Cinnamon Adelaida,Level 6,Location 8,Client Service Staff,Resigned,Lindy Marguerite,2012-07-31,Resigned,2018-01-31,2010,"(1825.0, 2740.0]"
133,Kylen Evania,1981,M,Job Related,postist,2017-12-11,Not Available,,PC - 3,Kylen Evania,Level 4,Location 5,Client Service Staff,Resigned,-,2012-08-31,Resigned,2017-11-30,1917,"(1825.0, 2740.0]"
136,Roberta Karylin,1987,M,Career Growth,aurise,2017-05-01,3.0,,PC - 1,Roberta Karylin,Level 7,Location 3,Client Service Staff,Resigned,Jillana Vivi,2012-10-31,Resigned,2017-04-30,1642,"(915.0, 1825.0]"
139,Dora Jobi,1983,M,Personal,centicee,2017-11-10,3.0,,PC - 2,Dora Jobi,Level 5,Location 7,Client Service Staff,Resigned,Philippe Kizzie,2012-11-30,Resigned,2017-10-31,1796,"(915.0, 1825.0]"
141,Cherry Fancie,1983,M,Career Growth,luper,2018-03-08,Not Available,,PC - 1,Cherry Fancie,Level 5,Location 3,Client Service Staff,Resigned,Kippy Marquita,2012-12-31,Resigned,2018-02-28,1885,"(1825.0, 2740.0]"
154,Enrika Vera,1985,M,Career Growth,insulescent,2017-09-27,4.0,,PC - 1,Enrika Vera,Level 7,Location 3,Client Service Staff,Resigned,Nerissa Jackquelin,2013-05-31,Resigned,2017-09-30,1583,"(915.0, 1825.0]"
163,Gabriell Kimberlyn,1989,M,Career Growth,Fresher,2018-01-11,Not Available,,PC - 3,Gabriell Kimberlyn,Level 6,Location 2,Client Service Staff,Resigned,Rosabel Saidee,2013-05-31,Resigned,2017-11-30,1644,"(915.0, 1825.0]"
164,Brittney Drusie,1987,M,Career Growth,yore,2016-05-10,1.0,,PC - 3,Brittney Drusie,Level 6,Location 1,Client Service Staff,Resigned,-,2013-05-31,Resigned,2016-05-31,1096,"(915.0, 1825.0]"
167,Ashla Charmane,1990,F,Career Growth,Fresher,2018-04-25,Not Available,,PC - 3,Ashla Charmane,Level 6,Location 1,Client Service Staff,Resigned,Vonni Bethena,2013-05-31,Resigned,2018-04-30,1795,"(915.0, 1825.0]"
168,Fan Ivett,1986,M,Career Growth,Fresher,2017-05-01,3.0,,PC - 5,Fan Ivett,Level 6,Location 1,Client Service Staff,Resigned,Guenevere Florida,2013-05-31,Resigned,2017-04-30,1430,"(915.0, 1825.0]"
171,Bertine Davine,1989,M,Personal,Fresher,2017-06-13,4.0,,PC - 2,Bertine Davine,Level 7,Location 7,Client Service Staff,Resigned,Laetitia Yoshi,2013-05-31,Resigned,2017-06-30,1491,"(915.0, 1825.0]"
173,Felicia Catherina,1991,F,Personal,Fresher,2017-09-01,2.0,,PC - 2,Felicia Catherina,Level 7,Location 7,Client Service Staff,Resigned,-,2013-06-30,Resigned,2017-08-31,1523,"(915.0, 1825.0]"
179,Margret Maure,1990,F,Job Related,Fresher,2017-09-25,3.0,,PC - 3,Margret Maure,Level 7,Location 1,Client Service Staff,Resigned,Orsa Margeaux,2013-06-30,Resigned,2017-09-30,1553,"(915.0, 1825.0]"
182,Fanni Jacki,1987,F,Career Growth,hypomba,2017-09-20,3.0,,PC - 1,Fanni Jacki,Level 6,Location 3,Client Service Staff,Resigned,Cynthia Leonora,2013-06-30,Resigned,2017-09-30,1553,"(915.0, 1825.0]"
195,Sherill Minerva,1983,M,Career Growth,ament,2017-09-13,5.0,,PC - 3,Sherill Minerva,Level 6,Location 4,Client Service Staff,Resigned,Oriana Tabby,2013-07-31,Resigned,2017-08-31,1492,"(915.0, 1825.0]"
196,Nanine Prudy,1977,M,Career Growth,suroid,2017-10-01,4.0,,PC - 3,Nanine Prudy,Level 5,Location 1,Client Service Staff,Resigned,Cacilia Aimee,2013-07-31,Resigned,2017-09-30,1522,"(915.0, 1825.0]"
202,Juliette Sheila-Kathryn,1987,F,Personal,biore,2017-07-17,3.0,,PC - 3,Juliette Sheila-Kathryn,Level 7,Location 1,Support Staff,Resigned,Revkah Stephie,2013-07-31,Resigned,2017-05-31,1400,"(915.0, 1825.0]"
230,Bamby Zahara,1989,M,Personal,animescent,2018-01-05,Not Available,,PC - 2,Bamby Zahara,Level 7,Location 7,Client Service Staff,Resigned,Jillian Lorelei,2014-03-31,Resigned,2017-12-31,1371,"(915.0, 1825.0]"
235,Olva Fanny,1991,M,Career Growth,yore,2017-11-06,3.0,,PC - 3,Olva Fanny,Level 8,Location 2,Client Service Staff,Resigned,Tallia Eyde,2014-04-30,Resigned,2017-09-30,1249,"(915.0, 1825.0]"
236,Magda Sibella,1991,M,Career Growth,pedise,2017-06-02,3.0,,PC - 5,Magda Sibella,Level 8,Location 3,Client Service Staff,Resigned,Gavra Kayle,2014-05-31,Resigned,2017-05-31,1096,"(915.0, 1825.0]"
237,Samantha Marylee,1989,M,Career Growth,Fresher,2017-10-30,2.0,,PC - 2,Samantha Marylee,Level 6,Location 9,Client Service Staff,Resigned,Lenora Nydia,2014-06-30,Resigned,2017-10-31,1219,"(915.0, 1825.0]"
240,Georgina Clarinda,1987,F,Career Growth,lunise,2017-11-30,Not Available,,PC - 1,Georgina Clarinda,Level 7,Location 3,Client Service Staff,Resigned,Em Cacilie,2014-06-30,Resigned,2017-11-30,1249,"(915.0, 1825.0]"
241,Clarabelle Gae,1992,F,Further Studies,Fresher,2018-01-08,Not Available,,PC - 3,Clarabelle Gae,Level 7,Location 1,Client Service Staff,Resigned,Misti Helena,2014-06-30,Resigned,2017-12-31,1280,"(915.0, 1825.0]"
265,Biddie Alidia,1991,F,Personal,Fresher,2017-06-06,2.0,,PC - 2,Biddie Alidia,Level 7,Location 7,Client Service Staff,Resigned,Terza Gwyn,2014-06-30,Resigned,2017-06-30,1096,"(915.0, 1825.0]"
271,Kat Kirbie,1989,M,Personal,foric,2017-09-15,2.0,,PC - 2,Kat Kirbie,Level 7,Location 7,Client Service Staff,Resigned,Frances Mignonne,2014-07-31,Resigned,2017-08-31,1127,"(915.0, 1825.0]"
285,Gerta Teddi,1992,M,Personal,Fresher,2018-01-05,Not Available,,PC - 2,Gerta Teddi,Level 8,Location 7,Client Service Staff,Resigned,Cassandra Katerina,2014-11-30,Resigned,2017-12-31,1127,"(915.0, 1825.0]"
293,Sonya Josie,1983,M,Personal,autoyo,2017-06-13,3.0,,PC - 3,Sonya Josie,Level 7,Location 1,Client Service Staff,Resigned,Kathye Edna,2014-11-30,Resigned,2017-05-31,913,"(0.0, 915.0]"
298,Shandy Hallie,1986,M,Career Growth,eayo,2018-01-19,Not Available,,PC - 3,Shandy Hallie,Level 7,Location 1,Client Service Staff,Resigned,Vonni Bethena,2014-12-31,Resigned,2018-01-31,1127,"(915.0, 1825.0]"
303,Dixie Zuzana,1987,M,Personal,Fresher,2017-11-27,Not Available,,PC - 2,Dixie Zuzana,Level 7,Location 7,Client Service Staff,Resigned,Laetitia Yoshi,2015-01-31,Resigned,2017-11-30,1034,"(915.0, 1825.0]"
317,Marni Hertha,1986,M,Career Growth,meedo,2017-12-26,Not Available,,PC - 3,Marni Hertha,Level 7,Location 1,Client Service Staff,Resigned,Ophelie Jyoti,2015-02-28,Resigned,2017-12-31,1037,"(915.0, 1825.0]"
333,Cloe Rosalind,1988,M,Career Growth,feler,2018-05-23,Not Available,,PC - 2,Cloe Rosalind,Level 6,Location 7,Client Service Staff,Resigned,Frances Mignonne,2015-03-31,Resigned,2018-04-30,1126,"(915.0, 1825.0]"
346,Salome Selene,1990,F,Personal,alboid,2017-08-23,3.0,,PC - 3,Salome Selene,Level 7,Location 2,Client Service Staff,Resigned,Kynthia Hildy,2015-04-30,Resigned,2017-07-31,823,"(0.0, 915.0]"
360,Caye Madlen,1978,M,Personal,ecotri,2017-06-28,3.0,,PC - 2,Caye Madlen,Level 6,Location 7,Client Service Staff,Resigned,Dore Natalya,2015-05-31,Resigned,2017-06-30,761,"(0.0, 915.0]"
372,Debor Melita,1990,F,Personal,tazio,2017-06-07,3.0,,PC - 5,Debor Melita,Level 7,Location 7,Client Service Staff,Resigned,Nerita Anet,2015-05-31,Resigned,2017-06-30,761,"(0.0, 915.0]"
374,Doretta Maryellen,1989,F,Career Growth,perimm,2017-07-11,3.0,,PC - 5,Doretta Maryellen,Level 7,Location 1,Client Service Staff,Resigned,Orsa Margeaux,2015-05-31,Resigned,2017-06-30,761,"(0.0, 915.0]"
379,Loni Kristien,1989,M,Career Growth,Fresher,2017-10-23,4.0,,PC - 3,Loni Kristien,Level 7,Location 4,Client Service Staff,Resigned,Danette Melinda,2015-05-31,Resigned,2017-10-31,884,"(0.0, 915.0]"
382,Viviana Roze,1992,M,Career Growth,Fresher,2018-05-22,Not Available,,PC - 2,Viviana Roze,Level 8,Location 7,Client Service Staff,Resigned,Cassandra Katerina,2015-05-31,Resigned,2018-05-31,1096,"(915.0, 1825.0]"
384,Sherilyn Lacey,1993,F,Further Studies,Fresher,2018-03-01,Not Available,,PC - 3,Sherilyn Lacey,Level 8,Location 1,Client Service Staff,Resigned,Nerita Anet,2015-05-31,Resigned,2018-02-28,1004,"(915.0, 1825.0]"
386,Harrietta Krystalle,1995,F,Career Growth,Fresher,2017-10-09,3.0,,PC - 3,Harrietta Krystalle,Level 8,Location 1,Client Service Staff,Resigned,Ali Elsinore,2015-05-31,Resigned,2017-09-30,853,"(0.0, 915.0]"
387,Hedwiga Mehetabel,1984,M,Counseled Out,janu,2018-05-10,Not Available,,PC - 2,Hedwiga Mehetabel,Level 5,Location 7,Client Service Staff,Resigned,Cacilia Aimee,2015-05-31,Resigned,2018-05-31,1096,"(915.0, 1825.0]"
390,Mora Maressa,1989,M,Personal,quicero,2018-02-15,Not Available,,PC - 2,Mora Maressa,Level 7,Location 7,Client Service Staff,Resigned,Sile Lorrie,2015-05-31,Resigned,2018-01-31,976,"(915.0, 1825.0]"
396,Bevvy Margot,1993,M,Further Studies,sylible,2017-12-05,Not Available,,PC - 3,Bevvy Margot,Level 8,Location 2,Client Service Staff,Resigned,Marney Anderea,2015-06-30,Resigned,2017-11-30,884,"(0.0, 915.0]"
410,Ameline Bill,1993,F,Counseled Out,Fresher,2018-05-01,Not Available,,PC - 3,Ameline Bill,Level 8,Location 1,Client Service Staff,Resigned,Dottie Bidget,2015-06-30,Resigned,2018-02-28,974,"(915.0, 1825.0]"
411,Annabelle Pammi,1993,F,Further Studies,Fresher,2017-06-13,1.0,,PC - 1,Annabelle Pammi,Level 8,Location 3,Client Service Staff,Resigned,-,2015-06-30,Resigned,2017-06-30,731,"(0.0, 915.0]"
416,Alethea Grace,1993,M,Career Growth,outent,2017-11-01,3.0,,PC - 2,Alethea Grace,Level 8,Location 9,Client Service Staff,Resigned,Ruthe Bellina,2015-06-30,Resigned,2017-10-31,854,"(0.0, 915.0]"
417,Britteny Rosamund,1991,M,Career Growth,Fresher,2017-06-20,2.0,,PC - 6,Britteny Rosamund,Level 8,Location 3,Client Service Staff,Resigned,Lee Alfie,2015-06-30,Resigned,2017-06-30,731,"(0.0, 915.0]"
421,Jeana Bethanne,1993,M,Further Studies,Fresher,2017-10-09,3.0,,PC - 1,Jeana Bethanne,Level 8,Location 3,Client Service Staff,Resigned,Lian Harley,2015-06-30,Resigned,2017-09-30,823,"(0.0, 915.0]"
424,Philippine Berna,1993,F,Personal,Fresher,2017-05-01,3.0,,PC - 2,Philippine Berna,Level 8,Location 7,Client Service Staff,Resigned,Terza Gwyn,2015-06-30,Resigned,2017-04-30,670,"(0.0, 915.0]"
441,Korella Dion,1992,F,Personal,Fresher,2017-08-16,4.0,,PC - 2,Korella Dion,Level 8,Location 7,Client Service Staff,Resigned,Nerita Anet,2015-07-31,Resigned,2017-07-31,731,"(0.0, 915.0]"
447,Nadine Estrella,1980,M,Career Growth,laudile,2017-06-07,3.0,,PC - 3,Nadine Estrella,Level 4,Location 4,Client Service Staff,Resigned,Kalindi Toma,2015-08-31,Resigned,2017-06-30,669,"(0.0, 915.0]"
450,Irma Korry,1993,F,Further Studies,Fresher,2017-11-27,Not Available,,PC - 3,Irma Korry,Level 8,Location 1,Client Service Staff,Resigned,Rosalynd Catina,2015-08-31,Resigned,2017-11-30,822,"(0.0, 915.0]"
454,Kitti Carlotta,1993,M,Career Growth,Fresher,2018-03-22,Not Available,,PC - 3,Kitti Carlotta,Level 8,Location 1,Client Service Staff,Resigned,-,2015-08-31,Resigned,2018-03-31,943,"(915.0, 1825.0]"
477,Kassey Delcina,1990,F,Personal,antexo,2018-03-08,Not Available,,PC - 2,Kassey Delcina,Level 7,Location 7,Client Service Staff,Resigned,-,2015-11-30,Resigned,2018-03-31,852,"(0.0, 915.0]"
495,Mufinella Austine,1991,M,Career Growth,intravu,2017-11-08,3.0,,PC - 1,Mufinella Austine,Level 8,Location 3,Client Service Staff,Resigned,Lindy Marguerite,2015-12-31,Resigned,2017-11-30,700,"(0.0, 915.0]"
500,Georgeanne Shalne,1982,M,Career Growth,disescent,2017-09-20,4.0,,PC - 1,Georgeanne Shalne,Level 6,Location 3,Client Service Staff,Resigned,Cherise Lainey,2015-12-31,Resigned,2017-09-30,639,"(0.0, 915.0]"
507,Bernetta Edithe,1985,M,Career Growth,unimm,2017-08-09,4.0,,PC - 3,Bernetta Edithe,Level 8,Location 2,Client Service Staff,Resigned,-,2016-01-31,Resigned,2017-07-31,547,"(0.0, 915.0]"
514,Krista Patrica,1992,M,Career Growth,maler,2018-04-13,Not Available,,PC - 1,Krista Patrica,Level 7,Location 3,Client Service Staff,Resigned,Blondy Tatiania,2016-01-31,Resigned,2018-04-30,820,"(0.0, 915.0]"
518,Alie Franni,1985,M,Personal,archile,2017-05-22,2.0,,PC - 2,Alie Franni,Level 8,Location 7,Client Service Staff,Resigned,Myrtie Brana,2016-01-31,Resigned,2017-05-31,486,"(0.0, 915.0]"
520,Marielle Nissy,1987,M,Career Growth,domise,2017-11-27,Not Available,,PC - 1,Marielle Nissy,Level 6,Location 3,Client Service Staff,Resigned,Lindy Marguerite,2016-01-31,Resigned,2017-11-30,669,"(0.0, 915.0]"
529,Olia Janeen,1989,M,Career Growth,Focus,2018-03-15,Not Available,,PC - 3,Olia Janeen,Level 7,Location 4,Client Service Staff,Resigned,Genvieve Celeste,2016-01-31,Resigned,2018-03-31,790,"(0.0, 915.0]"
532,Isabelita Claudie,1989,M,Further Studies,Innovation Arch,2017-06-20,4.0,,PC - 1,Isabelita Claudie,Level 8,Location 3,Client Service Staff,Resigned,Ezmeralda Nisse,2016-01-31,Resigned,2017-06-30,516,"(0.0, 915.0]"
538,Rosina Andriette,1978,M,Personal,Strat Security,2017-04-24,4.0,,PC - 2,Rosina Andriette,Level 7,Location 7,Client Service Staff,Resigned,Sile Lorrie,2016-01-31,Resigned,2017-04-30,455,"(0.0, 915.0]"
539,Angelita Aline,1991,F,Further Studies,biore,2017-07-31,3.0,,PC - 1,Angelita Aline,Level 8,Location 3,Client Service Staff,Resigned,Ilsa Marigold,2016-02-29,Resigned,2017-07-31,518,"(0.0, 915.0]"
543,Linette Thea,1987,F,Career Growth,Candor Corp,2018-02-27,Not Available,,PC - 1,Linette Thea,Level 6,Location 8,Client Service Staff,Resigned,Em Cacilie,2016-02-29,Resigned,2017-12-31,671,"(0.0, 915.0]"
547,Nana Michell,1989,F,Personal,Epic Adventure Inc,2017-08-23,3.0,,PC - 1,Nana Michell,Level 7,Location 3,Client Service Staff,Resigned,Ilsa Marigold,2016-02-29,Resigned,2017-08-31,549,"(0.0, 915.0]"
554,Yelena Engracia,1991,M,Career Growth,hemify,2018-01-03,Not Available,Yes,PC - 1,Yelena Engracia,Level 8,Location 3,Client Service Staff,Resigned,Lindy Marguerite,2016-03-31,Resigned,2017-12-31,640,"(0.0, 915.0]"
555,Liz Juanita,1993,F,Career Growth,Vortex Solar,2017-10-18,3.0,,PC - 3,Liz Juanita,Level 7,Location 2,Client Service Staff,Resigned,-,2016-03-31,Resigned,2017-09-30,548,"(0.0, 915.0]"
557,Yolande Candace,1991,F,Personal,Admire Arts,2017-11-01,3.0,,PC - 2,Yolande Candace,Level 7,Location 9,Client Service Staff,Resigned,Lenora Nydia,2016-03-31,Resigned,2017-10-31,579,"(0.0, 915.0]"
562,Mireille Barbie,1990,F,Career Growth,capize,2017-12-12,Not Available,,PC - 1,Mireille Barbie,Level 6,Location 3,Client Service Staff,Resigned,Lindy Marguerite,2016-04-30,Resigned,2017-12-31,610,"(0.0, 915.0]"
576,Perri Lani,1993,M,Personal,avura Inc,2017-10-26,3.0,,PC - 2,Perri Lani,Level 7,Location 7,Client Service Staff,Resigned,Cassandra Katerina,2016-04-30,Resigned,2017-09-30,518,"(0.0, 915.0]"
582,Demeter Aryn,1989,F,Personal,sylible,2017-10-25,3.0,,PC - 2,Demeter Aryn,Level 7,Location 7,Client Service Staff,Resigned,Sile Lorrie,2016-04-30,Resigned,2017-09-30,518,"(0.0, 915.0]"
598,Olimpia Euphemia,1988,M,Career Growth,Fresher,2017-09-07,3.0,,PC - 3,Olimpia Euphemia,Level 7,Location 4,Client Service Staff,Resigned,Hedi Elna,2016-05-31,Resigned,2017-09-30,487,"(0.0, 915.0]"
602,Orelie Domeniga,1990,F,Personal,Epic Adventure Inc,2018-01-08,Not Available,,PC - 2,Orelie Domeniga,Level 8,Location 7,Client Service Staff,Resigned,Rosabella Arlina,2016-05-31,Resigned,2017-12-31,579,"(0.0, 915.0]"
627,Grete Devonne,1993,M,Personal,sylible,2017-07-31,3.0,,PC - 3,Grete Devonne,Level 7,Location 4,Client Service Staff,Resigned,Genvieve Celeste,2016-06-30,Resigned,2017-07-31,396,"(0.0, 915.0]"
630,Cosetta Daloris,1995,F,Personal,sylible,2017-06-06,3.0,,PC - 2,Cosetta Daloris,Level 8,Location 7,Client Service Staff,Resigned,Aimil Latisha,2016-06-30,Resigned,2017-06-30,365,"(0.0, 915.0]"
631,Ailyn Marie-Ann,1995,F,Personal,sylible,2017-06-07,3.0,,PC - 2,Ailyn Marie-Ann,Level 8,Location 7,Client Service Staff,Resigned,Aimil Latisha,2016-06-30,Resigned,2017-06-30,365,"(0.0, 915.0]"
633,Zsa Zsa Flo,1996,M,Personal,sylible,2017-10-26,3.0,,PC - 2,Zsa Zsa Flo,Level 8,Location 7,Client Service Staff,Resigned,Tatiana Roxanna,2016-06-30,Resigned,2017-09-30,457,"(0.0, 915.0]"
641,Prisca Bobinette,1994,F,Further Studies,sylible,2017-06-02,3.0,,PC - 1,Prisca Bobinette,Level 8,Location 3,Client Service Staff,Resigned,Blondy Tatiania,2016-06-30,Resigned,2017-05-31,335,"(0.0, 915.0]"
645,Willa Naoma,1994,F,Personal,sylible,2017-06-07,3.0,,PC - 2,Willa Naoma,Level 8,Location 7,Client Service Staff,Resigned,Terza Gwyn,2016-06-30,Resigned,2017-05-31,335,"(0.0, 915.0]"
646,Edie Pierette,1994,M,Further Studies,sylible,2018-05-22,Not Available,,PC - 2,Edie Pierette,Level 8,Location 7,Client Service Staff,Resigned,Rosabella Arlina,2016-06-30,Resigned,2018-05-31,700,"(0.0, 915.0]"
672,Hayley Maurizia,1995,M,Further Studies,sylible,2017-09-25,3.0,,PC - 3,Hayley Maurizia,Level 8,Location 1,Client Service Staff,Resigned,Dottie Bidget,2016-07-31,Resigned,2017-09-30,426,"(0.0, 915.0]"
673,Lorelle Willi,1990,F,Personal,janu,2017-11-08,3.0,,PC - 2,Lorelle Willi,Level 7,Location 7,Client Service Staff,Resigned,-,2016-07-31,Resigned,2017-11-30,487,"(0.0, 915.0]"
684,Herminia Barby,1993,M,Further Studies,sylible,2017-05-15,3.0,,PC - 1,Herminia Barby,Level 8,Location 3,Client Service Staff,Resigned,Gisella Nickie,2016-07-31,Resigned,2017-05-31,304,"(0.0, 915.0]"
685,Ailey Paloma,1994,M,Further Studies,sylible,2018-03-22,Not Available,,PC - 3,Ailey Paloma,Level 8,Location 1,Client Service Staff,Resigned,Rosalynd Catina,2016-07-31,Resigned,2018-03-31,608,"(0.0, 915.0]"
686,Wilhelmine Sibilla,1994,M,Further Studies,sylible,2017-06-27,3.0,,PC - 3,Wilhelmine Sibilla,Level 8,Location 1,Client Service Staff,Resigned,Kathye Edna,2016-07-31,Resigned,2017-04-30,273,"(0.0, 915.0]"
696,Anne-Corinne Rennie,1993,M,Further Studies,sylible,2017-07-31,3.0,,PC - 3,Anne-Corinne Rennie,Level 8,Location 1,Client Service Staff,Resigned,Guenevere Florida,2016-07-31,Resigned,2017-07-31,365,"(0.0, 915.0]"
705,Jenelle Willy,1992,M,Personal,viloo,2017-08-30,3.0,,PC - 1,Jenelle Willy,Level 7,Location 8,Client Service Staff,Resigned,Blondy Tatiania,2016-07-31,Resigned,2017-08-31,396,"(0.0, 915.0]"
715,Lynn Patti,1991,M,Personal,Fresher,2017-12-01,Not Available,Yes,PC - 3,Lynn Patti,Level 8,Location 1,Client Service Staff,Resigned,Orsa Margeaux,2016-09-30,Resigned,2017-11-30,426,"(0.0, 915.0]"
719,Rhona Pietra,1990,M,Counseled Out,Zeal Wheels,2018-04-12,Not Available,,PC - 3,Rhona Pietra,Level 8,Location 1,Client Service Staff,Resigned,Tiena Hatti,2016-09-30,Resigned,2018-02-28,516,"(0.0, 915.0]"
724,Roxanne Sarette,1989,M,Absconding,Inspire Fitness Co,2018-01-04,Not Available,,PC - 6,Roxanne Sarette,Level 7,Location 3,Client Service Staff,Resigned,-,2016-10-31,Resigned,2017-05-31,212,"(0.0, 915.0]"
727,Helyn Casie,1987,M,Career Growth,Obelus Concepts,2017-12-11,Not Available,,PC - 1,Helyn Casie,Level 6,Location 3,Client Service Staff,Resigned,Hedi Elna,2016-11-30,Resigned,2017-12-31,396,"(0.0, 915.0]"
728,Sibelle Karel,1991,M,Career Growth,suril,2017-06-07,3.0,Yes,PC - 5,Sibelle Karel,Level 8,Location 3,Client Service Staff,Resigned,Gavra Kayle,2016-11-30,Resigned,2017-05-31,182,"(0.0, 915.0]"
729,Valina Philis,1987,M,Relationship Issues,alboid,2017-05-04,3.0,,PC - 1,Valina Philis,Level 7,Location 3,Client Service Staff,Resigned,Vinni Calypso,2016-11-30,Resigned,2017-04-30,151,"(0.0, 915.0]"
732,Catlaina Sonni,1992,M,Personal,sylible,2017-07-24,3.0,Yes,PC - 2,Catlaina Sonni,Level 8,Location 9,Client Service Staff,Resigned,Imelda Madalena,2016-12-31,Resigned,2017-07-31,212,"(0.0, 915.0]"
740,Hedy Elora,1990,F,Personal,Quad Goals,2018-02-27,Not Available,,PC - 3,Hedy Elora,Level 7,Location 1,Client Service Staff,Resigned,Orsa Margeaux,2017-01-31,Resigned,2018-02-28,393,"(0.0, 915.0]"
751,Gabrila Odele,1989,M,Career Growth,Erudite Learning,2018-03-22,Not Available,,PC - 3,Gabrila Odele,Level 6,Location 1,Client Service Staff,Resigned,Agata Theodosia,2017-01-31,Resigned,2018-02-28,393,"(0.0, 915.0]"
758,Catriona Dolli,1993,M,Career Growth,Sanguine Skincare,2018-01-05,Not Available,,PC - 3,Catriona Dolli,Level 8,Location 1,Client Service Staff,Resigned,Gert Editha,2017-03-31,Resigned,2017-12-31,275,"(0.0, 915.0]"
761,Zena Octavia,1988,F,Personal,exicious,2018-02-15,Not Available,,PC - 2,Zena Octavia,Level 7,Location 7,Client Service Staff,Resigned,Josi Ula,2017-02-28,Resigned,2018-02-28,365,"(0.0, 915.0]"
778,Eustacia Anna-Diane,1986,M,Career Growth,Flux Water Gear,2018-04-03,Not Available,,PC - 3,Eustacia Anna-Diane,Level 6,Location 1,Client Service Staff,Resigned,Hedi Elna,2017-03-31,Resigned,2018-02-28,334,"(0.0, 915.0]"
781,Francyne Brena,1984,M,Personal,Lambent Illumination,2018-01-16,Not Available,,PC - 2,Francyne Brena,Level 5,Location 7,Client Service Staff,Resigned,-,2017-03-31,Resigned,2017-12-31,275,"(0.0, 915.0]"
786,Ainsley Benedetta,1989,F,Personal,Sanguine Skincare,2017-09-25,Not Available,,PC - 3,Ainsley Benedetta,Level 8,Location 1,Client Service Staff,Resigned,Kristina Alleen,2017-03-31,Resigned,2017-09-30,183,"(0.0, 915.0]"
788,Myrna Brianna,1986,M,Career Growth,panosis,2018-01-10,Not Available,,PC - 3,Myrna Brianna,Level 7,Location 4,Client Service Staff,Resigned,Hedi Elna,2017-03-31,Resigned,2018-01-31,306,"(0.0, 915.0]"
799,Mickey Cid,1992,M,Career Growth,Vappa Shop,2017-07-11,Not Available,,PC - 1,Mickey Cid,Level 8,Location 3,Client Service Staff,Resigned,Luciana Erika,2017-04-30,Resigned,2017-07-31,92,"(0.0, 915.0]"
805,Monty Petrin,1989,M,Career Growth,Forel Library,2018-01-04,Not Available,Yes,PC - 2,Monty Petrin,Level 7,Location 9,Client Service Staff,Resigned,Imelda Madalena,2017-04-30,Resigned,2017-12-31,245,"(0.0, 915.0]"
806,Shoshana Willeford,1984,F,Career Growth,Node Tech,2017-09-13,Not Available,,PC - 3,Shoshana Willeford,Level 6,Location 1,Client Service Staff,Resigned,Hedi Elna,2017-04-30,Resigned,2017-09-30,153,"(0.0, 915.0]"
824,Carter Puff,1992,F,Personal,foric,2018-01-25,Not Available,,PC - 3,Carter Puff,Level 8,Location 1,Client Service Staff,Resigned,Landon Browning,2017-04-30,Resigned,2018-01-31,276,"(0.0, 915.0]"
825,Howard Nuckles,1986,M,Personal,PrimeHouse,2017-10-01,Not Available,,PC - 3,Howard Nuckles,Level 5,Location 4,Client Service Staff,Resigned,Hedi Elna,2017-04-30,Resigned,2017-09-30,153,"(0.0, 915.0]"
829,Rudolph Yarnall,1990,M,Career Growth,DualLight,2017-08-23,Not Available,,PC - 1,Rudolph Yarnall,Level 7,Location 3,Client Service Staff,Resigned,-,2017-04-30,Resigned,2017-08-31,123,"(0.0, 915.0]"
839,Breanna Armstrong,1991,M,Job Related,Focus,2017-10-31,Not Available,,PC - 3,Breanna Armstrong,Level 8,Location 1,Client Service Staff,Resigned,Orsa Margeaux,2017-05-31,Resigned,2017-10-31,153,"(0.0, 915.0]"
864,Jagger Kaiser,1996,F,Personal,sylible,2018-01-08,Not Available,,PC - 2,Jagger Kaiser,Level 8,Location 7,Client Service Staff,Resigned,Josi Ula,2017-06-30,Resigned,2018-01-31,215,"(0.0, 915.0]"
868,Yaritza Browning,1987,M,Personal,Voice Caption Center,2018-01-08,Not Available,,PC - 2,Yaritza Browning,Level 7,Location 7,Client Service Staff,Resigned,Myrtie Brana,2017-06-30,Resigned,2017-09-30,92,"(0.0, 915.0]"
880,Alex Doyle,1994,M,Personal,sylible,2018-01-19,Not Available,,PC - 2,Alex Doyle,Level 8,Location 7,Client Service Staff,Resigned,-,2017-06-30,Resigned,2017-12-31,184,"(0.0, 915.0]"
881,Daniela Myers,1993,F,Personal,sylible,2018-01-19,Not Available,,PC - 2,Daniela Myers,Level 8,Location 7,Client Service Staff,Resigned,-,2017-06-30,Resigned,2017-12-31,184,"(0.0, 915.0]"
895,Logan Williams,1996,F,Personal,sylible,2017-12-26,Not Available,,PC - 1,Logan Williams,Level 8,Location 6,Client Service Staff,Resigned,-,2017-06-30,Resigned,2017-07-31,31,"(0.0, 915.0]"
900,Remington Lara,1996,M,Career Growth,sylible,2018-01-08,Not Available,,PC - 1,Remington Lara,Level 8,Location 3,Client Service Staff,Resigned,Claudia Meaghan,2017-06-30,Resigned,2017-12-31,184,"(0.0, 915.0]"
904,Pedro Simon,1996,M,Career Growth,sylible,2018-01-08,Not Available,,PC - 1,Pedro Simon,Level 8,Location 3,Client Service Staff,Resigned,Margo Opaline,2017-06-30,Resigned,2017-12-31,184,"(0.0, 915.0]"
919,Rayna Armstrong,1995,M,Further Studies,sylible,2018-05-15,Not Available,,PC - 3,Rayna Armstrong,Level 8,Location 1,Client Service Staff,Resigned,Gert Editha,2017-06-30,Resigned,2018-04-30,304,"(0.0, 915.0]"
920,Deanna Gentry,1988,M,Career Growth,FursKips,2017-11-08,Not Available,,PC - 1,Deanna Gentry,Level 7,Location 3,Client Service Staff,Resigned,Agnes Stacie,2017-06-30,Resigned,2017-11-30,153,"(0.0, 915.0]"
926,Karter Bridges,1996,M,Further Studies,sylible,2018-01-25,Not Available,,PC - 3,Karter Bridges,Level 8,Location 1,Client Service Staff,Resigned,Tallia Eyde,2017-07-31,Resigned,2018-01-31,184,"(0.0, 915.0]"
945,Caylee Maxwell,1995,M,Further Studies,sylible,2017-09-13,Not Available,,PC - 1,Caylee Maxwell,Level 8,Location 3,Client Service Staff,Resigned,-,2017-07-31,Resigned,2017-09-30,61,"(0.0, 915.0]"
946,Shelby Harris,1994,F,Personal,sylible,2017-09-20,Not Available,,PC - 1,Shelby Harris,Level 8,Location 3,Client Service Staff,Resigned,Ilsa Marigold,2017-07-31,Resigned,2017-09-30,61,"(0.0, 915.0]"
950,Miguel Adkins,1989,M,Career Growth,outent,2017-10-11,Not Available,,PC - 3,Miguel Adkins,Level 7,Location 1,Client Service Staff,Resigned,Tommy Muire,2017-07-31,Resigned,2017-10-31,92,"(0.0, 915.0]"
963,Orlando Winters,1989,M,Career Growth,Focus,2018-03-01,Not Available,,PC - 3,Orlando Winters,Level 8,Location 1,Client Service Staff,Resigned,Tommy Muire,2017-08-31,Resigned,2018-02-28,181,"(0.0, 915.0]"
967,Darion Haas,1989,M,Job Related,Limner Studio,2018-01-30,Not Available,Yes,PC - 2,Darion Haas,Level 7,Location 9,Client Service Staff,Resigned,Lenora Nydia,2017-08-31,Resigned,2018-01-31,153,"(0.0, 915.0]"
969,Sterling Carson,1993,M,Personal,XyloFurniture,2018-04-03,Not Available,Yes,PC - 3,Sterling Carson,Level 8,Location 1,Client Service Staff,Resigned,Xylina Beatriz,2017-09-30,Resigned,2018-03-31,182,"(0.0, 915.0]"
982,Sabrina Conrad,1984,M,Career Growth,Spray Shop,2018-05-10,Not Available,,PC - 1,Sabrina Conrad,-,Location 8,Client Service Staff,Resigned,Josey Rorie,2017-10-31,Resigned,2018-05-31,212,"(0.0, 915.0]"
1000,Joanna Rose,1989,M,Others,janu,2018-01-05,Not Available,,PC - 3,Joanna Rose,Level 6,Location 1,Client Service Staff,Resigned,Willette Lil,2017-11-30,Resigned,2017-11-30,0,
1006,Caden Pineda,1990,M,Career Growth,viloo,2018-04-30,Not Available,,PC - 1,Caden Pineda,-,Location 8,Client Service Staff,Resigned,Josey Rorie,2017-11-30,Resigned,2018-04-30,151,"(0.0, 915.0]"
1016,Johnathon Costa,1990,M,Job Related,Find Agenda,2018-01-11,Not Available,,PC - 1,Johnathon Costa,Level 7,Location 3,Client Service Staff,Resigned,Hedi Elna,2017-12-31,Resigned,2017-12-31,0,
1068,Damien Chaney,1990,M,Personal,panosis,2018-05-10,Not Available,Yes,PC - 2,Damien Chaney,Level 7,Location 7,Client Service Staff,Resigned,Myrtie Brana,2018-02-28,Resigned,2018-05-31,92,"(0.0, 915.0]"
1073,Makaila Gentry,1988,F,Career Growth,foric,2018-03-08,Not Available,,PC - 3,Makaila Gentry,Level 7,Location 1,Client Service Staff,Resigned,Dottie Bidget,2018-02-28,Resigned,2018-02-28,0,
1095,Richard Preston,1984,F,Career Growth,viloo,2018-05-22,Not Available,Yes,PC - 2,Richard Preston,Level 7,Location 7,Client Service Staff,Resigned,Rosabella Arlina,2018-03-31,Resigned,2018-05-31,61,"(0.0, 915.0]"
